angle_T,area_T,depth_t,num_levels,wet,x_T,y_T,lon,lat,ocean_zone,starting_particle_depth
0,107772504.5898517,37.586492157413076,7,1,153.44999999999555,-29.350000000000133,153.4499969482422,-29.350000381469727,7,34.2180061340332
0,107772504.5898517,52.586492157413076,9,1,153.54999999999558,-29.350000000000133,153.5500030517578,-29.350000381469727,7,48.45497512817383
0,107772504.5898517,70.41820017741736,11,1,153.64999999999554,-29.350000000000133,153.64999389648437,-29.350000381469727,7,65.66938018798828
0,107772504.5898517,120,16,1,153.74999999999557,-29.350000000000133,153.75,-29.350000381469727,7,115
0,107878112.29245126,30.418200177417372,6,1,153.44999999999555,-29.25000000000013,153.4499969482422,-29.25,7,28.16938018798828
0,107878112.29245126,50,9,1,153.54999999999558,-29.25000000000013,153.5500030517578,-29.25,7,48.45497512817383
0,107878112.29245126,70.41820017741736,11,1,153.64999999999554,-29.25000000000013,153.64999389648437,-29.25,7,65.66938018798828
0,107878112.29245126,100,14,1,153.74999999999557,-29.25000000000013,153.75,-29.25,7,95
0,107983391.3796247,15.007694787128038,3,1,153.44999999999555,-29.15000000000013,153.4499969482422,-29.149999618530273,7,12.5
0,107983391.3796247,44,8,1,153.54999999999558,-29.15000000000013,153.5500030517578,-29.149999618530273,7,40.95497512817383
0,107983391.3796247,61.19369356097924,10,1,153.64999999999554,-29.15000000000013,153.64999389648437,-29.149999618530273,7,56.7180061340332
0,107983391.3796247,90.00769478712803,13,1,153.74999999999557,-29.15000000000013,153.75,-29.149999618530273,7,85.01538848876953
0,108088341.5306544,36.19369356097924,7,1,153.54999999999558,-29.05000000000013,153.5500030517578,-29.049999237060547,7,34.2180061340332
0,108088341.5306544,58,10,1,153.64999999999554,-29.05000000000013,153.64999389648437,-29.049999237060547,7,56.7180061340332
0,108088341.5306544,88,13,1,153.74999999999557,-29.05000000000013,153.75,-29.049999237060547,7,85.01538848876953
0,108192962.42585836,20.007694787128038,4,1,153.54999999999558,-28.950000000000127,153.5500030517578,-28.950000762939453,7,17.515390396118164
0,108192962.42585836,51,9,1,153.64999999999554,-28.950000000000127,153.64999389648437,-28.950000762939453,7,48.45497512817383
0,108192962.42585836,80.09120528376639,12,1,153.74999999999557,-28.950000000000127,153.75,-28.950000762939453,7,75.167022705078125
0,108297253.74653606,42.586492157413076,8,1,153.64999999999554,-28.850000000000126,153.64999389648437,-28.850000381469727,7,40.95497512817383
0,108297253.74653606,78,12,1,153.74999999999557,-28.850000000000126,153.75,-28.850000381469727,7,75.167022705078125
0,108401215.17498496,36.19369356097924,7,1,153.64999999999554,-28.750000000000124,153.64999389648437,-28.75,7,34.2180061340332
0,108401215.17498496,70.41820017741736,11,1,153.74999999999557,-28.750000000000124,153.75,-28.75,7,65.66938018798828
0,108504846.39453886,30.418200177417372,6,1,153.64999999999554,-28.650000000000123,153.64999389648437,-28.649999618530273,7,28.16938018798828
0,108504846.39453886,70.41820017741736,11,1,153.74999999999557,-28.650000000000123,153.75,-28.649999618530273,7,65.66938018798828
0,108504846.39453886,159,20,1,153.84999999999553,-28.650000000000123,153.85000610351562,-28.649999618530273,7,155
0,108608147.08951285,43,8,1,153.64999999999554,-28.55000000000012,153.64999389648437,-28.549999237060547,7,40.95497512817383
0,108608147.08951285,70.41820017741736,11,1,153.74999999999557,-28.55000000000012,153.75,-28.549999237060547,7,65.66938018798828
0,108608147.08951285,157,20,1,153.84999999999553,-28.55000000000012,153.85000610351562,-28.549999237060547,7,155
0,108711116.94524437,44,8,1,153.64999999999554,-28.45000000000012,153.64999389648437,-28.450000762939453,7,40.95497512817383
0,108711116.94524437,70.41820017741736,11,1,153.74999999999557,-28.45000000000012,153.75,-28.450000762939453,7,65.66938018798828
0,108813755.64805162,44.70497655442571,8,1,153.64999999999554,-28.35000000000012,153.64999389648437,-28.350000381469727,7,40.95497512817383
0,108813755.64805162,70.41820017741736,11,1,153.74999999999557,-28.35000000000012,153.75,-28.350000381469727,7,65.66938018798828
0,108916062.88528946,44,8,1,153.64999999999554,-28.250000000000117,153.64999389648437,-28.25,7,40.95497512817383
0,108916062.88528946,70.41820017741736,11,1,153.74999999999557,-28.250000000000117,153.75,-28.25,7,65.66938018798828
0,108916062.88528946,190,23,1,153.84999999999553,-28.250000000000117,153.85000610351562,-28.25,7,185
0,109018038.34530799,52,9,1,153.64999999999554,-28.150000000000116,153.64999389648437,-28.149999618530273,6,48.45497512817383
0,109018038.34530799,86,13,1,153.74999999999557,-28.150000000000116,153.75,-28.149999618530273,6,85.01538848876953
0,109018038.34530799,150,19,1,153.84999999999553,-28.150000000000116,153.85000610351562,-28.149999618530273,6,145
0,109119681.71748464,15.007694787128038,3,1,153.44999999999555,-28.050000000000114,153.4499969482422,-28.049999237060547,6,12.5
0,109119681.71748464,36.19369356097924,7,1,153.54999999999558,-28.050000000000114,153.5500030517578,-28.049999237060547,6,34.2180061340332
0,109119681.71748464,61.19369356097924,10,1,153.64999999999554,-28.050000000000114,153.64999389648437,-28.049999237060547,6,56.7180061340332
0,109119681.71748464,90.00769478712803,13,1,153.74999999999557,-28.050000000000114,153.75,-28.049999237060547,6,85.01538848876953
0,109119681.71748464,177,22,1,153.84999999999553,-28.050000000000114,153.85000610351562,-28.049999237060547,6,175
0,109220992.6921746,15.007694787128038,3,1,153.44999999999555,-27.950000000000113,153.4499969482422,-27.950000762939453,6,12.5
0,109220992.6921746,49.70497655442571,9,1,153.54999999999558,-27.950000000000113,153.5500030517578,-27.950000762939453,6,48.45497512817383
0,109220992.6921746,69,11,1,153.64999999999554,-27.950000000000113,153.64999389648437,-27.950000762939453,6,65.66938018798828
0,109220992.6921746,90,13,1,153.74999999999557,-27.950000000000113,153.75,-27.950000762939453,6,85.01538848876953
0,109220992.6921746,179,22,1,153.84999999999553,-27.950000000000113,153.85000610351562,-27.950000762939453,6,175
0,109321970.96078989,15.007694787128038,3,1,153.44999999999555,-27.85000000000011,153.4499969482422,-27.850000381469727,6,12.5
0,109321970.96078989,52.586492157413076,9,1,153.54999999999558,-27.85000000000011,153.5500030517578,-27.850000381469727,6,48.45497512817383
0,109321970.96078989,76,12,1,153.64999999999554,-27.85000000000011,153.64999389648437,-27.850000381469727,6,75.167022705078125
0,109321970.96078989,90.00769478712803,13,1,153.74999999999557,-27.85000000000011,153.75,-27.850000381469727,6,85.01538848876953
0,109321970.96078989,189,23,1,153.84999999999553,-27.85000000000011,153.85000610351562,-27.850000381469727,6,185
0,109422616.21571943,15.007694787128038,3,1,153.44999999999555,-27.75000000000011,153.4499969482422,-27.75,6,12.5
0,109422616.21571943,52,9,1,153.54999999999558,-27.75000000000011,153.5500030517578,-27.75,6,48.45497512817383
0,109422616.21571943,78,12,1,153.64999999999554,-27.75000000000011,153.64999389648437,-27.75,6,75.167022705078125
0,109422616.21571943,100,14,1,153.74999999999557,-27.75000000000011,153.75,-27.75,6,95
0,109522928.15037623,44.70497655442571,8,1,153.54999999999558,-27.65000000000011,153.5500030517578,-27.649999618530273,6,40.95497512817383
0,109522928.15037623,79,12,1,153.64999999999554,-27.65000000000011,153.64999389648437,-27.649999618530273,6,75.167022705078125
0,109522928.15037623,116,16,1,153.74999999999557,-27.65000000000011,153.75,-27.649999618530273,6,115
0,109622906.45921212,36.19369356097924,7,1,153.54999999999558,-27.550000000000107,153.5500030517578,-27.549999237060547,6,34.2180061340332
0,109622906.45921212,79,12,1,153.64999999999554,-27.550000000000107,153.64999389648437,-27.549999237060547,6,75.167022705078125
0,109622906.45921212,140,18,1,153.74999999999557,-27.550000000000107,153.75,-27.549999237060547,6,135
0,109722550.83765359,25.091205283766385,5,1,153.54999999999558,-27.450000000000106,153.5500030517578,-27.450000762939453,5,22.667020797729492
0,109722550.83765359,80.09120528376639,12,1,153.64999999999554,-27.450000000000106,153.64999389648437,-27.450000762939453,5,75.167022705078125
0,109722550.83765359,165,21,1,153.74999999999557,-27.450000000000106,153.75,-27.450000762939453,5,155
0,109821860.98217846,15.007694787128038,3,1,153.44999999999555,-27.350000000000104,153.4499969482422,-27.350000381469727,5,12.5
0,109821860.98217846,52.586492157413076,9,1,153.54999999999558,-27.350000000000104,153.5500030517578,-27.350000381469727,5,48.45497512817383
0,109821860.98217846,98,14,1,153.64999999999554,-27.350000000000104,153.64999389648437,-27.350000381469727,5,95
0,109821860.98217846,187,23,1,153.74999999999557,-27.350000000000104,153.75,-27.350000381469727,5,185
0,109920836.59027556,15.007694787128038,3,1,153.24999999999557,-27.250000000000103,153.25,-27.25,5,12.5
0,109920836.59027556,15.007694787128038,3,1,153.3499999999956,-27.250000000000103,153.35000610351562,-27.25,5,12.5
0,109920836.59027556,20.007694787128038,4,1,153.44999999999555,-27.250000000000103,153.4499969482422,-27.25,5,17.515390396118164
0,109920836.59027556,70.41820017741736,11,1,153.54999999999558,-27.250000000000103,153.5500030517578,-27.25,5,65.66938018798828
0,109920836.59027556,120,16,1,153.64999999999554,-27.250000000000103,153.64999389648437,-27.25,5,115
0,110019477.36043574,15.007694787128038,3,1,153.24999999999557,-27.1500000000001,153.25,-27.149999618530273,5,12.5
0,110019477.36043574,15.007694787128038,3,1,153.3499999999956,-27.1500000000001,153.35000610351562,-27.149999618530273,5,12.5
0,110019477.36043574,20.007694787128038,4,1,153.44999999999555,-27.1500000000001,153.4499969482422,-27.149999618530273,5,17.515390396118164
0,110019477.36043574,80.09120528376639,12,1,153.54999999999558,-27.1500000000001,153.5500030517578,-27.149999618530273,5,75.167022705078125
0,110019477.36043574,147,19,1,153.64999999999554,-27.1500000000001,153.64999389648437,-27.149999618530273,5,145
0,110117782.99218932,15.007694787128038,3,1,153.24999999999557,-27.0500000000001,153.25,-27.049999237060547,5,12.5
0,110117782.99218932,15.007694787128038,3,1,153.3499999999956,-27.0500000000001,153.35000610351562,-27.049999237060547,5,12.5
0,110117782.99218932,15.007694787128038,3,1,153.44999999999555,-27.0500000000001,153.4499969482422,-27.049999237060547,5,12.5
0,110117782.99218932,90.00769478712803,13,1,153.54999999999558,-27.0500000000001,153.5500030517578,-27.049999237060547,5,85.01538848876953
0,110117782.99218932,169,21,1,153.64999999999554,-27.0500000000001,153.64999389648437,-27.049999237060547,5,165
0,110215753.18607932,20.007694787128038,4,1,153.24999999999557,-26.9500000000001,153.25,-26.950000762939453,5,17.515390396118164
0,110215753.18607932,25.418200177417372,5,1,153.3499999999956,-26.9500000000001,153.35000610351562,-26.950000762939453,5,22.667020797729492
0,110215753.18607932,30.418200177417372,6,1,153.44999999999555,-26.9500000000001,153.4499969482422,-26.950000762939453,5,28.16938018798828
0,110215753.18607932,105,15,1,153.54999999999558,-26.9500000000001,153.5500030517578,-26.950000762939453,5,95
0,110215753.18607932,188,23,1,153.64999999999554,-26.9500000000001,153.64999389648437,-26.950000762939453,5,185
0,110313387.64366601,15.007694787128038,3,1,153.1499999999956,-26.850000000000097,153.14999389648437,-26.850000381469727,5,12.5
0,110313387.64366601,30.418200177417372,6,1,153.24999999999557,-26.850000000000097,153.25,-26.850000381469727,5,28.16938018798828
0,110313387.64366601,44.70497655442571,8,1,153.3499999999956,-26.850000000000097,153.35000610351562,-26.850000381469727,5,40.95497512817383
0,110313387.64366601,61.19369356097924,10,1,153.44999999999555,-26.850000000000097,153.4499969482422,-26.850000381469727,5,56.7180061340332
0,110313387.64366601,110,15,1,153.54999999999558,-26.850000000000097,153.5500030517578,-26.850000381469727,5,105
0,110410686.06754908,15.007694787128038,3,1,153.1499999999956,-26.750000000000096,153.14999389648437,-26.75,5,12.5
0,110410686.06754908,31.19369356097924,6,1,153.24999999999557,-26.750000000000096,153.25,-26.75,5,28.16938018798828
0,110410686.06754908,49.70497655442571,9,1,153.3499999999956,-26.750000000000096,153.35000610351562,-26.75,5,48.45497512817383
0,110410686.06754908,61.19369356097924,10,1,153.44999999999555,-26.750000000000096,153.4499969482422,-26.75,5,56.7180061340332
0,110410686.06754908,110,15,1,153.54999999999558,-26.750000000000096,153.5500030517578,-26.75,5,105
0,110507648.16133174,37.586492157413076,7,1,153.24999999999557,-26.650000000000095,153.25,-26.649999618530273,5,34.2180061340332
0,110507648.16133174,52.586492157413076,9,1,153.3499999999956,-26.650000000000095,153.35000610351562,-26.649999618530273,5,48.45497512817383
0,110507648.16133174,57.586492157413076,10,1,153.44999999999555,-26.650000000000095,153.4499969482422,-26.649999618530273,5,56.7180061340332
0,110507648.16133174,100,14,1,153.54999999999558,-26.650000000000095,153.5500030517578,-26.649999618530273,5,95
0,110507648.16133174,185,23,1,153.64999999999554,-26.650000000000095,153.64999389648437,-26.649999618530273,5,175
0,110604273.62965384,25.091205283766385,5,1,153.1499999999956,-26.550000000000093,153.14999389648437,-26.549999237060547,5,22.667020797729492
0,110604273.62965384,44,8,1,153.24999999999557,-26.550000000000093,153.25,-26.549999237060547,5,40.95497512817383
0,110604273.62965384,52.586492157413076,9,1,153.3499999999956,-26.550000000000093,153.35000610351562,-26.549999237060547,5,48.45497512817383
0,110604273.62965384,52.586492157413076,9,1,153.44999999999555,-26.550000000000093,153.4499969482422,-26.549999237060547,5,48.45497512817383
0,110604273.62965384,79,12,1,153.54999999999558,-26.550000000000093,153.5500030517578,-26.549999237060547,5,75.167022705078125
0,110604273.62965384,138,18,1,153.64999999999554,-26.550000000000093,153.64999389648437,-26.549999237060547,5,135
0,110700562.17817363,25.418200177417372,5,1,153.1499999999956,-26.45000000000009,153.14999389648437,-26.450000762939453,4,22.667020797729492
0,110700562.17817363,49.70497655442571,9,1,153.24999999999557,-26.45000000000009,153.25,-26.450000762939453,4,48.45497512817383
0,110700562.17817363,52.586492157413076,9,1,153.3499999999956,-26.45000000000009,153.35000610351562,-26.450000762939453,4,48.45497512817383
0,110700562.17817363,58,10,1,153.44999999999555,-26.45000000000009,153.4499969482422,-26.450000762939453,4,56.7180061340332
0,110700562.17817363,61.19369356097924,10,1,153.54999999999558,-26.45000000000009,153.5500030517578,-26.450000762939453,4,56.7180061340332
0,110700562.17817363,110,15,1,153.64999999999554,-26.45000000000009,153.64999389648437,-26.450000762939453,4,105
0,110700562.17817363,140,18,1,153.74999999999557,-26.45000000000009,153.75,-26.450000762939453,4,135
0,110796513.51358648,31,6,1,153.1499999999956,-26.35000000000009,153.14999389648437,-26.350000381469727,4,28.16938018798828
0,110796513.51358648,52.586492157413076,9,1,153.24999999999557,-26.35000000000009,153.25,-26.350000381469727,4,48.45497512817383
0,110796513.51358648,52.586492157413076,9,1,153.3499999999956,-26.35000000000009,153.35000610351562,-26.350000381469727,4,48.45497512817383
0,110796513.51358648,59,10,1,153.44999999999555,-26.35000000000009,153.4499969482422,-26.350000381469727,4,56.7180061340332
0,110796513.51358648,61.19369356097924,10,1,153.54999999999558,-26.35000000000009,153.5500030517578,-26.350000381469727,4,56.7180061340332
0,110796513.51358648,87,13,1,153.64999999999554,-26.35000000000009,153.64999389648437,-26.350000381469727,4,85.01538848876953
0,110796513.51358648,110,15,1,153.74999999999557,-26.35000000000009,153.75,-26.350000381469727,4,105
0,110892127.34360549,37,7,1,153.1499999999956,-26.25000000000009,153.14999389648437,-26.25,4,34.2180061340332
0,110892127.34360549,52.586492157413076,9,1,153.24999999999557,-26.25000000000009,153.25,-26.25,4,48.45497512817383
0,110892127.34360549,52.586492157413076,9,1,153.3499999999956,-26.25000000000009,153.35000610351562,-26.25,4,48.45497512817383
0,110892127.34360549,58,10,1,153.44999999999555,-26.25000000000009,153.4499969482422,-26.25,4,56.7180061340332
0,110892127.34360549,61.19369356097924,10,1,153.54999999999558,-26.25000000000009,153.5500030517578,-26.25,4,56.7180061340332
0,110892127.34360549,70,11,1,153.64999999999554,-26.25000000000009,153.64999389648437,-26.25,4,65.66938018798828
0,110892127.34360549,86,13,1,153.74999999999557,-26.25000000000009,153.75,-26.25,4,85.01538848876953
0,110987403.37697195,36.19369356097924,7,1,153.1499999999956,-26.150000000000087,153.14999389648437,-26.149999618530273,4,34.2180061340332
0,110987403.37697195,52.586492157413076,9,1,153.24999999999557,-26.150000000000087,153.25,-26.149999618530273,4,48.45497512817383
0,110987403.37697195,52.586492157413076,9,1,153.3499999999956,-26.150000000000087,153.35000610351562,-26.149999618530273,4,48.45497512817383
0,110987403.37697195,59,10,1,153.44999999999555,-26.150000000000087,153.4499969482422,-26.149999618530273,4,56.7180061340332
0,110987403.37697195,61.19369356097924,10,1,153.54999999999558,-26.150000000000087,153.5500030517578,-26.149999618530273,4,56.7180061340332
0,110987403.37697195,68,11,1,153.64999999999554,-26.150000000000087,153.64999389648437,-26.149999618530273,4,65.66938018798828
0,110987403.37697195,70.41820017741736,11,1,153.74999999999557,-26.150000000000087,153.75,-26.149999618530273,4,65.66938018798828
0,110987403.37697195,148,19,1,153.84999999999553,-26.150000000000087,153.85000610351562,-26.149999618530273,4,145
0,111082341.32346252,20.091205283766385,4,1,153.1499999999956,-26.050000000000086,153.14999389648437,-26.049999237060547,4,17.515390396118164
0,111082341.32346252,52.586492157413076,9,1,153.24999999999557,-26.050000000000086,153.25,-26.049999237060547,4,48.45497512817383
0,111082341.32346252,52.586492157413076,9,1,153.3499999999956,-26.050000000000086,153.35000610351562,-26.049999237060547,4,48.45497512817383
0,111082341.32346252,59,10,1,153.44999999999555,-26.050000000000086,153.4499969482422,-26.049999237060547,4,56.7180061340332
0,111082341.32346252,61.19369356097924,10,1,153.54999999999558,-26.050000000000086,153.5500030517578,-26.049999237060547,4,56.7180061340332
0,111082341.32346252,66.19369356097924,11,1,153.64999999999554,-26.050000000000086,153.64999389648437,-26.049999237060547,4,65.66938018798828
0,111082341.32346252,70.41820017741736,11,1,153.74999999999557,-26.050000000000086,153.75,-26.049999237060547,4,65.66938018798828
0,111082341.32346252,159,20,1,153.84999999999553,-26.050000000000086,153.85000610351562,-26.049999237060547,4,155
0,111176940.89386833,52.586492157413076,9,1,153.24999999999557,-25.950000000000085,153.25,-25.950000762939453,4,48.45497512817383
0,111176940.89386833,52.586492157413076,9,1,153.3499999999956,-25.950000000000085,153.35000610351562,-25.950000762939453,4,48.45497512817383
0,111176940.89386833,59,10,1,153.44999999999555,-25.950000000000085,153.4499969482422,-25.950000762939453,4,56.7180061340332
0,111176940.89386833,61.19369356097924,10,1,153.54999999999558,-25.950000000000085,153.5500030517578,-25.950000762939453,4,56.7180061340332
0,111176940.89386833,61.19369356097924,10,1,153.64999999999554,-25.950000000000085,153.64999389648437,-25.950000762939453,4,56.7180061340332
0,111176940.89386833,70.41820017741736,11,1,153.74999999999557,-25.950000000000085,153.75,-25.950000762939453,4,65.66938018798828
0,111176940.89386833,180,22,1,153.84999999999553,-25.950000000000085,153.85000610351562,-25.950000762939453,4,175
0,111271201.80004244,25.091205283766385,5,1,153.1499999999956,-25.850000000000083,153.14999389648437,-25.850000381469727,4,22.667020797729492
0,111271201.80004244,50,9,1,153.24999999999557,-25.850000000000083,153.25,-25.850000381469727,4,48.45497512817383
0,111271201.80004244,52.586492157413076,9,1,153.3499999999956,-25.850000000000083,153.35000610351562,-25.850000381469727,4,48.45497512817383
0,111271201.80004244,58,10,1,153.44999999999555,-25.850000000000083,153.4499969482422,-25.850000381469727,4,56.7180061340332
0,111271201.80004244,61.19369356097924,10,1,153.54999999999558,-25.850000000000083,153.5500030517578,-25.850000381469727,4,56.7180061340332
0,111271201.80004244,61.19369356097924,10,1,153.64999999999554,-25.850000000000083,153.64999389648437,-25.850000381469727,4,56.7180061340332
0,111271201.80004244,70.41820017741736,11,1,153.74999999999557,-25.850000000000083,153.75,-25.850000381469727,4,65.66938018798828
0,111365123.75483511,31,6,1,153.1499999999956,-25.75000000000008,153.14999389648437,-25.75,4,28.16938018798828
0,111365123.75483511,44.70497655442571,8,1,153.24999999999557,-25.75000000000008,153.25,-25.75,4,40.95497512817383
0,111365123.75483511,52.586492157413076,9,1,153.3499999999956,-25.75000000000008,153.35000610351562,-25.75,4,48.45497512817383
0,111365123.75483511,51,9,1,153.44999999999555,-25.75000000000008,153.4499969482422,-25.75,4,48.45497512817383
0,111365123.75483511,58,10,1,153.54999999999558,-25.75000000000008,153.5500030517578,-25.75,4,56.7180061340332
0,111365123.75483511,61.19369356097924,10,1,153.64999999999554,-25.75000000000008,153.64999389648437,-25.75,4,56.7180061340332
0,111365123.75483511,76,12,1,153.74999999999557,-25.75000000000008,153.75,-25.75,4,75.167022705078125
0,111458706.47213534,31.19369356097924,6,1,153.1499999999956,-25.65000000000008,153.14999389648437,-25.649999618530273,4,28.16938018798828
0,111458706.47213534,44,8,1,153.24999999999557,-25.65000000000008,153.25,-25.649999618530273,4,40.95497512817383
0,111458706.47213534,49.70497655442571,9,1,153.3499999999956,-25.65000000000008,153.35000610351562,-25.649999618530273,4,48.45497512817383
0,111458706.47213534,52,9,1,153.44999999999555,-25.65000000000008,153.4499969482422,-25.649999618530273,4,48.45497512817383
0,111458706.47213534,58,10,1,153.54999999999558,-25.65000000000008,153.5500030517578,-25.649999618530273,4,56.7180061340332
0,111458706.47213534,59,10,1,153.64999999999554,-25.65000000000008,153.64999389648437,-25.649999618530273,4,56.7180061340332
0,111458706.47213534,88,13,1,153.74999999999557,-25.65000000000008,153.75,-25.649999618530273,4,85.01538848876953
0,111551949.66690595,20.007694787128038,4,1,153.1499999999956,-25.55000000000008,153.14999389648437,-25.549999237060547,4,17.515390396118164
0,111551949.66690595,44,8,1,153.24999999999557,-25.55000000000008,153.25,-25.549999237060547,4,40.95497512817383
0,111551949.66690595,44.70497655442571,8,1,153.3499999999956,-25.55000000000008,153.35000610351562,-25.549999237060547,4,40.95497512817383
0,111551949.66690595,52.586492157413076,9,1,153.44999999999555,-25.55000000000008,153.4499969482422,-25.549999237060547,4,48.45497512817383
0,111551949.66690595,58,10,1,153.54999999999558,-25.55000000000008,153.5500030517578,-25.549999237060547,4,56.7180061340332
0,111551949.66690595,59,10,1,153.64999999999554,-25.55000000000008,153.64999389648437,-25.549999237060547,4,56.7180061340332
0,111551949.66690595,109,15,1,153.74999999999557,-25.55000000000008,153.75,-25.549999237060547,4,105
0,111644853.0550774,42.586492157413076,8,1,153.24999999999557,-25.450000000000077,153.25,-25.450000762939453,4,40.95497512817383
0,111644853.0550774,44.70497655442571,8,1,153.3499999999956,-25.450000000000077,153.35000610351562,-25.450000762939453,4,40.95497512817383
0,111644853.0550774,52,9,1,153.44999999999555,-25.450000000000077,153.4499969482422,-25.450000762939453,4,48.45497512817383
0,111644853.0550774,52.586492157413076,9,1,153.54999999999558,-25.450000000000077,153.5500030517578,-25.450000762939453,4,48.45497512817383
0,111644853.0550774,58,10,1,153.64999999999554,-25.450000000000077,153.64999389648437,-25.450000762939453,4,56.7180061340332
0,111644853.0550774,140,18,1,153.74999999999557,-25.450000000000077,153.75,-25.450000762939453,4,135
0,111737416.35366845,25.418200177417372,5,1,153.24999999999557,-25.350000000000076,153.25,-25.350000381469727,4,22.667020797729492
0,111737416.35366845,44.70497655442571,8,1,153.3499999999956,-25.350000000000076,153.35000610351562,-25.350000381469727,4,40.95497512817383
0,111737416.35366845,50,9,1,153.44999999999555,-25.350000000000076,153.4499969482422,-25.350000381469727,4,48.45497512817383
0,111737416.35366845,52.586492157413076,9,1,153.54999999999558,-25.350000000000076,153.5500030517578,-25.350000381469727,4,48.45497512817383
0,111737416.35366845,57.586492157413076,10,1,153.64999999999554,-25.350000000000076,153.64999389648437,-25.350000381469727,4,56.7180061340332
0,111737416.35366845,189,23,1,153.74999999999557,-25.350000000000076,153.75,-25.350000381469727,4,185
0,111829639.28071557,36.19369356097924,7,1,153.3499999999956,-25.250000000000075,153.35000610351562,-25.25,4,34.2180061340332
0,111829639.28071557,44.70497655442571,8,1,153.44999999999555,-25.250000000000075,153.4499969482422,-25.25,4,40.95497512817383
0,111829639.28071557,52,9,1,153.54999999999558,-25.250000000000075,153.5500030517578,-25.25,4,48.45497512817383
0,111829639.28071557,61.19369356097924,10,1,153.64999999999554,-25.250000000000075,153.64999389648437,-25.25,4,56.7180061340332
0,111921521.55528219,20.091205283766385,4,1,153.3499999999956,-25.150000000000073,153.35000610351562,-25.149999618530273,4,17.515390396118164
0,111921521.55528219,37.586492157413076,7,1,153.44999999999555,-25.150000000000073,153.4499969482422,-25.149999618530273,4,34.2180061340332
0,111921521.55528219,50,9,1,153.54999999999558,-25.150000000000073,153.5500030517578,-25.149999618530273,4,48.45497512817383
0,111921521.55528219,100,14,1,153.64999999999554,-25.150000000000073,153.64999389648437,-25.149999618530273,4,95
0,112013062.89748782,15.007694787128038,3,1,152.6499999999956,-25.05000000000007,152.64999389648437,-25.049999237060547,4,12.5
0,112013062.89748782,15.007694787128038,3,1,152.8499999999956,-25.05000000000007,152.85000610351562,-25.049999237060547,4,12.5
0,112013062.89748782,15.007694787128038,3,1,153.04999999999558,-25.05000000000007,153.0500030517578,-25.049999237060547,4,12.5
0,112013062.89748782,15.007694787128038,3,1,153.3499999999956,-25.05000000000007,153.35000610351562,-25.049999237060547,4,12.5
0,112013062.89748782,37.586492157413076,7,1,153.44999999999555,-25.05000000000007,153.4499969482422,-25.049999237060547,4,34.2180061340332
0,112013062.89748782,51,9,1,153.54999999999558,-25.05000000000007,153.5500030517578,-25.049999237060547,4,48.45497512817383
0,112013062.89748782,177,22,1,153.64999999999554,-25.05000000000007,153.64999389648437,-25.049999237060547,4,175
0,112104263.02847205,15.007694787128038,3,1,152.6499999999956,-24.95000000000007,152.64999389648437,-24.950000762939453,3,12.5
0,112104263.02847205,20.007694787128038,4,1,152.74999999999562,-24.95000000000007,152.75,-24.950000762939453,3,17.515390396118164
0,112104263.02847205,20.091205283766385,4,1,152.8499999999956,-24.95000000000007,152.85000610351562,-24.950000762939453,3,17.515390396118164
0,112104263.02847205,20.007694787128038,4,1,152.9499999999956,-24.95000000000007,152.9499969482422,-24.950000762939453,3,17.515390396118164
0,112104263.02847205,36.19369356097924,7,1,153.44999999999555,-24.95000000000007,153.4499969482422,-24.950000762939453,3,34.2180061340332
0,112104263.02847205,79,12,1,153.54999999999558,-24.95000000000007,153.5500030517578,-24.950000762939453,3,75.167022705078125
0,112195121.67043619,20.007694787128038,4,1,152.6499999999956,-24.85000000000007,152.64999389648437,-24.850000381469727,3,17.515390396118164
0,112195121.67043619,25.091205283766385,5,1,152.74999999999562,-24.85000000000007,152.75,-24.850000381469727,3,22.667020797729492
0,112195121.67043619,25.091205283766385,5,1,152.8499999999956,-24.85000000000007,152.85000610351562,-24.850000381469727,3,22.667020797729492
0,112195121.67043619,20.091205283766385,4,1,152.9499999999956,-24.85000000000007,152.9499969482422,-24.850000381469727,3,17.515390396118164
0,112195121.67043619,15.007694787128038,3,1,153.04999999999558,-24.85000000000007,153.0500030517578,-24.850000381469727,3,12.5
0,112195121.67043619,43,8,1,153.44999999999555,-24.85000000000007,153.4499969482422,-24.850000381469727,3,40.95497512817383
0,112195121.67043619,159,20,1,153.54999999999558,-24.85000000000007,153.5500030517578,-24.850000381469727,3,155
0,112285638.54660642,15.007694787128038,3,1,152.4499999999956,-24.750000000000068,152.4499969482422,-24.75,3,12.5
0,112285638.54660642,15.007694787128038,3,1,152.54999999999563,-24.750000000000068,152.5500030517578,-24.75,3,12.5
0,112285638.54660642,20.091205283766385,4,1,152.6499999999956,-24.750000000000068,152.64999389648437,-24.75,3,17.515390396118164
0,112285638.54660642,25.418200177417372,5,1,152.74999999999562,-24.750000000000068,152.75,-24.75,3,22.667020797729492
0,112285638.54660642,25.418200177417372,5,1,152.8499999999956,-24.750000000000068,152.85000610351562,-24.75,3,22.667020797729492
0,112285638.54660642,25.091205283766385,5,1,152.9499999999956,-24.750000000000068,152.9499969482422,-24.75,3,22.667020797729492
0,112285638.54660642,25.091205283766385,5,1,153.04999999999558,-24.750000000000068,153.0500030517578,-24.75,3,22.667020797729492
0,112285638.54660642,15.007694787128038,3,1,153.1499999999956,-24.750000000000068,153.14999389648437,-24.75,3,12.5
0,112285638.54660642,25.091205283766385,5,1,153.3499999999956,-24.750000000000068,153.35000610351562,-24.75,3,22.667020797729492
0,112285638.54660642,61,10,1,153.44999999999555,-24.750000000000068,153.4499969482422,-24.75,3,56.7180061340332
0,112375813.38123505,15.007694787128038,3,1,152.34999999999565,-24.650000000000066,152.35000610351562,-24.649999618530273,3,12.5
0,112375813.38123505,20.007694787128038,4,1,152.54999999999563,-24.650000000000066,152.5500030517578,-24.649999618530273,3,17.515390396118164
0,112375813.38123505,25.091205283766385,5,1,152.6499999999956,-24.650000000000066,152.64999389648437,-24.649999618530273,3,22.667020797729492
0,112375813.38123505,25.418200177417372,5,1,152.74999999999562,-24.650000000000066,152.75,-24.649999618530273,3,22.667020797729492
0,112375813.38123505,25.418200177417372,5,1,152.8499999999956,-24.650000000000066,152.85000610351562,-24.649999618530273,3,22.667020797729492
0,112375813.38123505,25.418200177417372,5,1,152.9499999999956,-24.650000000000066,152.9499969482422,-24.649999618530273,3,22.667020797729492
0,112375813.38123505,25.418200177417372,5,1,153.04999999999558,-24.650000000000066,153.0500030517578,-24.649999618530273,3,22.667020797729492
0,112375813.38123505,20.007694787128038,4,1,153.1499999999956,-24.650000000000066,153.14999389648437,-24.649999618530273,3,17.515390396118164
0,112375813.38123505,25.418200177417372,5,1,153.3499999999956,-24.650000000000066,153.35000610351562,-24.649999618530273,3,22.667020797729492
0,112375813.38123505,156,20,1,153.44999999999555,-24.650000000000066,153.4499969482422,-24.649999618530273,3,155
0,112465645.89965723,15.007694787128038,3,1,152.24999999999562,-24.550000000000065,152.25,-24.549999237060547,3,12.5
0,112465645.89965723,15.007694787128038,3,1,152.34999999999565,-24.550000000000065,152.35000610351562,-24.549999237060547,3,12.5
0,112465645.89965723,15.007694787128038,3,1,152.4499999999956,-24.550000000000065,152.4499969482422,-24.549999237060547,3,12.5
0,112465645.89965723,20.091205283766385,4,1,152.54999999999563,-24.550000000000065,152.5500030517578,-24.549999237060547,3,17.515390396118164
0,112465645.89965723,25.418200177417372,5,1,152.6499999999956,-24.550000000000065,152.64999389648437,-24.549999237060547,3,22.667020797729492
0,112465645.89965723,31.19369356097924,6,1,152.74999999999562,-24.550000000000065,152.75,-24.549999237060547,3,28.16938018798828
0,112465645.89965723,31,6,1,152.8499999999956,-24.550000000000065,152.85000610351562,-24.549999237060547,3,28.16938018798828
0,112465645.89965723,31,6,1,152.9499999999956,-24.550000000000065,152.9499969482422,-24.549999237060547,3,28.16938018798828
0,112465645.89965723,25.091205283766385,5,1,153.04999999999558,-24.550000000000065,153.0500030517578,-24.549999237060547,3,22.667020797729492
0,112465645.89965723,20.007694787128038,4,1,153.1499999999956,-24.550000000000065,153.14999389648437,-24.549999237060547,3,17.515390396118164
0,112465645.89965723,15.007694787128038,3,1,153.24999999999557,-24.550000000000065,153.25,-24.549999237060547,3,12.5
0,112465645.89965723,61.19369356097924,10,1,153.3499999999956,-24.550000000000065,153.35000610351562,-24.549999237060547,3,56.7180061340332
0,112555135.8282106,20.007694787128038,4,1,152.14999999999566,-24.450000000000063,152.14999389648437,-24.450000762939453,3,17.515390396118164
0,112555135.8282106,20.091205283766385,4,1,152.24999999999562,-24.450000000000063,152.25,-24.450000762939453,3,17.515390396118164
0,112555135.8282106,20.091205283766385,4,1,152.34999999999565,-24.450000000000063,152.35000610351562,-24.450000762939453,3,17.515390396118164
0,112555135.8282106,25.091205283766385,5,1,152.4499999999956,-24.450000000000063,152.4499969482422,-24.450000762939453,3,22.667020797729492
0,112555135.8282106,25.091205283766385,5,1,152.54999999999563,-24.450000000000063,152.5500030517578,-24.450000762939453,3,22.667020797729492
0,112555135.8282106,25.418200177417372,5,1,152.6499999999956,-24.450000000000063,152.64999389648437,-24.450000762939453,3,22.667020797729492
0,112555135.8282106,31,6,1,152.74999999999562,-24.450000000000063,152.75,-24.450000762939453,3,28.16938018798828
0,112555135.8282106,36.19369356097924,7,1,152.8499999999956,-24.450000000000063,152.85000610351562,-24.450000762939453,3,34.2180061340332
0,112555135.8282106,36.19369356097924,7,1,152.9499999999956,-24.450000000000063,152.9499969482422,-24.450000762939453,3,34.2180061340332
0,112555135.8282106,31.19369356097924,6,1,153.04999999999558,-24.450000000000063,153.0500030517578,-24.450000762939453,3,28.16938018798828
0,112555135.8282106,25.091205283766385,5,1,153.1499999999956,-24.450000000000063,153.14999389648437,-24.450000762939453,3,22.667020797729492
0,112555135.8282106,36.19369356097924,7,1,153.24999999999557,-24.450000000000063,153.25,-24.450000762939453,3,34.2180061340332
0,112644282.89430529,20.007694787128038,4,1,152.04999999999563,-24.350000000000062,152.0500030517578,-24.350000381469727,3,17.515390396118164
0,112644282.89430529,25.091205283766385,5,1,152.14999999999566,-24.350000000000062,152.14999389648437,-24.350000381469727,3,22.667020797729492
0,112644282.89430529,25.091205283766385,5,1,152.24999999999562,-24.350000000000062,152.25,-24.350000381469727,3,22.667020797729492
0,112644282.89430529,25.418200177417372,5,1,152.34999999999565,-24.350000000000062,152.35000610351562,-24.350000381469727,3,22.667020797729492
0,112644282.89430529,25.418200177417372,5,1,152.4499999999956,-24.350000000000062,152.4499969482422,-24.350000381469727,3,22.667020797729492
0,112644282.89430529,25.418200177417372,5,1,152.54999999999563,-24.350000000000062,152.5500030517578,-24.350000381469727,3,22.667020797729492
0,112644282.89430529,25.418200177417372,5,1,152.6499999999956,-24.350000000000062,152.64999389648437,-24.350000381469727,3,22.667020797729492
0,112644282.89430529,30.418200177417372,6,1,152.74999999999562,-24.350000000000062,152.75,-24.350000381469727,3,28.16938018798828
0,112644282.89430529,37.586492157413076,7,1,152.8499999999956,-24.350000000000062,152.85000610351562,-24.350000381469727,3,34.2180061340332
0,112644282.89430529,44.70497655442571,8,1,152.9499999999956,-24.350000000000062,152.9499969482422,-24.350000381469727,3,40.95497512817383
0,112644282.89430529,43,8,1,153.04999999999558,-24.350000000000062,153.0500030517578,-24.350000381469727,3,40.95497512817383
0,112644282.89430529,52.586492157413076,9,1,153.1499999999956,-24.350000000000062,153.14999389648437,-24.350000381469727,3,48.45497512817383
0,112733086.82638022,15.007694787128038,3,1,151.94999999999567,-24.25000000000006,151.9499969482422,-24.25,3,12.5
0,112733086.82638022,25.091205283766385,5,1,152.04999999999563,-24.25000000000006,152.0500030517578,-24.25,3,22.667020797729492
0,112733086.82638022,25.418200177417372,5,1,152.14999999999566,-24.25000000000006,152.14999389648437,-24.25,3,22.667020797729492
0,112733086.82638022,25.418200177417372,5,1,152.24999999999562,-24.25000000000006,152.25,-24.25,3,22.667020797729492
0,112733086.82638022,30.418200177417372,6,1,152.34999999999565,-24.25000000000006,152.35000610351562,-24.25,3,28.16938018798828
0,112733086.82638022,31,6,1,152.4499999999956,-24.25000000000006,152.4499969482422,-24.25,3,28.16938018798828
0,112733086.82638022,25.418200177417372,5,1,152.54999999999563,-24.25000000000006,152.5500030517578,-24.25,3,22.667020797729492
0,112733086.82638022,20.091205283766385,4,1,152.6499999999956,-24.25000000000006,152.64999389648437,-24.25,3,17.515390396118164
0,112733086.82638022,30.418200177417372,6,1,152.74999999999562,-24.25000000000006,152.75,-24.25,3,28.16938018798828
0,112733086.82638022,37.586492157413076,7,1,152.8499999999956,-24.25000000000006,152.85000610351562,-24.25,3,34.2180061340332
0,112733086.82638022,49.70497655442571,9,1,152.9499999999956,-24.25000000000006,152.9499969482422,-24.25,3,48.45497512817383
0,112733086.82638022,130,17,1,153.04999999999558,-24.25000000000006,153.0500030517578,-24.25,3,125
0,112821547.35391718,20.091205283766385,4,1,151.94999999999567,-24.15000000000006,151.9499969482422,-24.149999618530273,3,17.515390396118164
0,112821547.35391718,30.418200177417372,6,1,152.04999999999563,-24.15000000000006,152.0500030517578,-24.149999618530273,3,28.16938018798828
0,112821547.35391718,30.418200177417372,6,1,152.14999999999566,-24.15000000000006,152.14999389648437,-24.149999618530273,3,28.16938018798828
0,112821547.35391718,31.19369356097924,6,1,152.24999999999562,-24.15000000000006,152.25,-24.149999618530273,3,28.16938018798828
0,112821547.35391718,31.19369356097924,6,1,152.34999999999565,-24.15000000000006,152.35000610351562,-24.149999618530273,3,28.16938018798828
0,112821547.35391718,36.19369356097924,7,1,152.4499999999956,-24.15000000000006,152.4499969482422,-24.149999618530273,3,34.2180061340332
0,112821547.35391718,37.586492157413076,7,1,152.54999999999563,-24.15000000000006,152.5500030517578,-24.149999618530273,3,34.2180061340332
0,112821547.35391718,31,6,1,152.6499999999956,-24.15000000000006,152.64999389648437,-24.149999618530273,3,28.16938018798828
0,112821547.35391718,31.19369356097924,6,1,152.74999999999562,-24.15000000000006,152.75,-24.149999618530273,3,28.16938018798828
0,112821547.35391718,52,9,1,152.8499999999956,-24.15000000000006,152.85000610351562,-24.149999618530273,3,48.45497512817383
0,112821547.35391718,160,20,1,152.9499999999956,-24.15000000000006,152.9499969482422,-24.149999618530273,3,155
0,112909664.20746386,15.007694787128038,3,1,151.84999999999565,-24.050000000000058,151.85000610351562,-24.049999237060547,3,12.5
0,112909664.20746386,30.418200177417372,6,1,151.94999999999567,-24.050000000000058,151.9499969482422,-24.049999237060547,3,28.16938018798828
0,112909664.20746386,31.19369356097924,6,1,152.04999999999563,-24.050000000000058,152.0500030517578,-24.049999237060547,3,28.16938018798828
0,112909664.20746386,31.19369356097924,6,1,152.14999999999566,-24.050000000000058,152.14999389648437,-24.049999237060547,3,28.16938018798828
0,112909664.20746386,36.19369356097924,7,1,152.24999999999562,-24.050000000000058,152.25,-24.049999237060547,3,34.2180061340332
0,112909664.20746386,37.586492157413076,7,1,152.34999999999565,-24.050000000000058,152.35000610351562,-24.049999237060547,3,34.2180061340332
0,112909664.20746386,37.586492157413076,7,1,152.4499999999956,-24.050000000000058,152.4499969482422,-24.049999237060547,3,34.2180061340332
0,112909664.20746386,44,8,1,152.54999999999563,-24.050000000000058,152.5500030517578,-24.049999237060547,3,40.95497512817383
0,112909664.20746386,60,10,1,152.6499999999956,-24.050000000000058,152.64999389648437,-24.049999237060547,3,56.7180061340332
0,112909664.20746386,120,16,1,152.74999999999562,-24.050000000000058,152.75,-24.049999237060547,3,115
0,112909664.20746386,189,23,1,152.8499999999956,-24.050000000000058,152.85000610351562,-24.049999237060547,3,185
0,112997437.11857793,15.007694787128038,3,1,151.44999999999567,-23.950000000000056,151.4499969482422,-23.950000762939453,2,12.5
0,112997437.11857793,15.007694787128038,3,1,151.5499999999957,-23.950000000000056,151.5500030517578,-23.950000762939453,2,12.5
0,112997437.11857793,25.091205283766385,5,1,151.74999999999568,-23.950000000000056,151.75,-23.950000762939453,2,22.667020797729492
0,112997437.11857793,30.418200177417372,6,1,151.84999999999565,-23.950000000000056,151.85000610351562,-23.950000762939453,2,28.16938018798828
0,112997437.11857793,31,6,1,151.94999999999567,-23.950000000000056,151.9499969482422,-23.950000762939453,2,28.16938018798828
0,112997437.11857793,31.19369356097924,6,1,152.04999999999563,-23.950000000000056,152.0500030517578,-23.950000762939453,2,28.16938018798828
0,112997437.11857793,36.19369356097924,7,1,152.14999999999566,-23.950000000000056,152.14999389648437,-23.950000762939453,2,34.2180061340332
0,112997437.11857793,37.586492157413076,7,1,152.24999999999562,-23.950000000000056,152.25,-23.950000762939453,2,34.2180061340332
0,112997437.11857793,37.586492157413076,7,1,152.34999999999565,-23.950000000000056,152.35000610351562,-23.950000762939453,2,34.2180061340332
0,112997437.11857793,44,8,1,152.4499999999956,-23.950000000000056,152.4499969482422,-23.950000762939453,2,40.95497512817383
0,112997437.11857793,52.586492157413076,9,1,152.54999999999563,-23.950000000000056,152.5500030517578,-23.950000762939453,2,48.45497512817383
0,112997437.11857793,118,16,1,152.6499999999956,-23.950000000000056,152.64999389648437,-23.950000762939453,2,115
0,113084865.81991473,15.007694787128038,3,1,151.44999999999567,-23.850000000000055,151.4499969482422,-23.850000381469727,2,12.5
0,113084865.81991473,20.091205283766385,4,1,151.5499999999957,-23.850000000000055,151.5500030517578,-23.850000381469727,2,17.515390396118164
0,113084865.81991473,25.418200177417372,5,1,151.64999999999566,-23.850000000000055,151.64999389648437,-23.850000381469727,2,22.667020797729492
0,113084865.81991473,31.19369356097924,6,1,151.74999999999568,-23.850000000000055,151.75,-23.850000381469727,2,28.16938018798828
0,113084865.81991473,31.19369356097924,6,1,151.84999999999565,-23.850000000000055,151.85000610351562,-23.850000381469727,2,28.16938018798828
0,113084865.81991473,31.19369356097924,6,1,151.94999999999567,-23.850000000000055,151.9499969482422,-23.850000381469727,2,28.16938018798828
0,113084865.81991473,36.19369356097924,7,1,152.04999999999563,-23.850000000000055,152.0500030517578,-23.850000381469727,2,34.2180061340332
0,113084865.81991473,37.586492157413076,7,1,152.14999999999566,-23.850000000000055,152.14999389648437,-23.850000381469727,2,34.2180061340332
0,113084865.81991473,37.586492157413076,7,1,152.24999999999562,-23.850000000000055,152.25,-23.850000381469727,2,34.2180061340332
0,113084865.81991473,37.586492157413076,7,1,152.34999999999565,-23.850000000000055,152.35000610351562,-23.850000381469727,2,34.2180061340332
0,113084865.81991473,58,10,1,152.4499999999956,-23.850000000000055,152.4499969482422,-23.850000381469727,2,56.7180061340332
0,113084865.81991473,140,18,1,152.54999999999563,-23.850000000000055,152.5500030517578,-23.850000381469727,2,135
0,113171950.045131,15.007694787128038,3,1,151.3499999999957,-23.750000000000053,151.35000610351562,-23.75,2,12.5
0,113171950.045131,20.007694787128038,4,1,151.44999999999567,-23.750000000000053,151.4499969482422,-23.75,2,17.515390396118164
0,113171950.045131,25.091205283766385,5,1,151.5499999999957,-23.750000000000053,151.5500030517578,-23.75,2,22.667020797729492
0,113171950.045131,25.418200177417372,5,1,151.64999999999566,-23.750000000000053,151.64999389648437,-23.75,2,22.667020797729492
0,113171950.045131,31.19369356097924,6,1,151.74999999999568,-23.750000000000053,151.75,-23.75,2,28.16938018798828
0,113171950.045131,37,7,1,151.84999999999565,-23.750000000000053,151.85000610351562,-23.75,2,34.2180061340332
0,113171950.045131,37.586492157413076,7,1,151.94999999999567,-23.750000000000053,151.9499969482422,-23.75,2,34.2180061340332
0,113171950.045131,37.586492157413076,7,1,152.04999999999563,-23.750000000000053,152.0500030517578,-23.75,2,34.2180061340332
0,113171950.045131,37.586492157413076,7,1,152.14999999999566,-23.750000000000053,152.14999389648437,-23.75,2,34.2180061340332
0,113171950.045131,44.70497655442571,8,1,152.24999999999562,-23.750000000000053,152.25,-23.75,2,40.95497512817383
0,113171950.045131,59,10,1,152.34999999999565,-23.750000000000053,152.35000610351562,-23.75,2,56.7180061340332
0,113171950.045131,150,19,1,152.4499999999956,-23.750000000000053,152.4499969482422,-23.75,2,145
0,113258689.52896316,20.091205283766385,4,1,151.44999999999567,-23.650000000000052,151.4499969482422,-23.649999618530273,2,17.515390396118164
0,113258689.52896316,25.418200177417372,5,1,151.5499999999957,-23.650000000000052,151.5500030517578,-23.649999618530273,2,22.667020797729492
0,113258689.52896316,25.418200177417372,5,1,151.64999999999566,-23.650000000000052,151.64999389648437,-23.649999618530273,2,22.667020797729492
0,113258689.52896316,31.19369356097924,6,1,151.74999999999568,-23.650000000000052,151.75,-23.649999618530273,2,28.16938018798828
0,113258689.52896316,37,7,1,151.84999999999565,-23.650000000000052,151.85000610351562,-23.649999618530273,2,34.2180061340332
0,113258689.52896316,37.586492157413076,7,1,151.94999999999567,-23.650000000000052,151.9499969482422,-23.649999618530273,2,34.2180061340332
0,113258689.52896316,37.586492157413076,7,1,152.04999999999563,-23.650000000000052,152.0500030517578,-23.649999618530273,2,34.2180061340332
0,113258689.52896316,31,6,1,152.14999999999566,-23.650000000000052,152.14999389648437,-23.649999618530273,2,28.16938018798828
0,113258689.52896316,52,9,1,152.24999999999562,-23.650000000000052,152.25,-23.649999618530273,2,48.45497512817383
0,113258689.52896316,130,17,1,152.34999999999565,-23.650000000000052,152.35000610351562,-23.649999618530273,2,125
0,113345084.00719282,25.091205283766385,5,1,151.3499999999957,-23.55000000000005,151.35000610351562,-23.549999237060547,2,22.667020797729492
0,113345084.00719282,25.418200177417372,5,1,151.44999999999567,-23.55000000000005,151.4499969482422,-23.549999237060547,2,22.667020797729492
0,113345084.00719282,25.418200177417372,5,1,151.5499999999957,-23.55000000000005,151.5500030517578,-23.549999237060547,2,22.667020797729492
0,113345084.00719282,20.091205283766385,4,1,151.64999999999566,-23.55000000000005,151.64999389648437,-23.549999237060547,2,17.515390396118164
0,113345084.00719282,20.091205283766385,4,1,151.74999999999568,-23.55000000000005,151.75,-23.549999237060547,2,17.515390396118164
0,113345084.00719282,36.19369356097924,7,1,151.84999999999565,-23.55000000000005,151.85000610351562,-23.549999237060547,2,34.2180061340332
0,113345084.00719282,37.586492157413076,7,1,151.94999999999567,-23.55000000000005,151.9499969482422,-23.549999237060547,2,34.2180061340332
0,113345084.00719282,37.586492157413076,7,1,152.04999999999563,-23.55000000000005,152.0500030517578,-23.549999237060547,2,34.2180061340332
0,113345084.00719282,52.586492157413076,9,1,152.14999999999566,-23.55000000000005,152.14999389648437,-23.549999237060547,2,48.45497512817383
0,113345084.00719282,80.09120528376639,12,1,152.24999999999562,-23.55000000000005,152.25,-23.549999237060547,2,75.167022705078125
0,113431133.21662392,25.418200177417372,5,1,151.3499999999957,-23.45000000000005,151.35000610351562,-23.450000762939453,2,22.667020797729492
0,113431133.21662392,30.418200177417372,6,1,151.44999999999567,-23.45000000000005,151.4499969482422,-23.450000762939453,2,28.16938018798828
0,113431133.21662392,31,6,1,151.5499999999957,-23.45000000000005,151.5500030517578,-23.450000762939453,2,28.16938018798828
0,113431133.21662392,31,6,1,151.64999999999566,-23.45000000000005,151.64999389648437,-23.450000762939453,2,28.16938018798828
0,113431133.21662392,31,6,1,151.74999999999568,-23.45000000000005,151.75,-23.450000762939453,2,28.16938018798828
0,113431133.21662392,25.091205283766385,5,1,151.84999999999565,-23.45000000000005,151.85000610351562,-23.450000762939453,2,22.667020797729492
0,113431133.21662392,20.091205283766385,4,1,151.94999999999567,-23.45000000000005,151.9499969482422,-23.450000762939453,2,17.515390396118164
0,113431133.21662392,25.418200177417372,5,1,152.04999999999563,-23.45000000000005,152.0500030517578,-23.450000762939453,2,22.667020797729492
0,113431133.21662392,61.19369356097924,10,1,152.14999999999566,-23.45000000000005,152.14999389648437,-23.450000762939453,2,56.7180061340332
0,113516836.89516196,20.007694787128038,4,1,151.24999999999568,-23.350000000000048,151.25,-23.350000381469727,2,17.515390396118164
0,113516836.89516196,30.418200177417372,6,1,151.3499999999957,-23.350000000000048,151.35000610351562,-23.350000381469727,2,28.16938018798828
0,113516836.89516196,31.19369356097924,6,1,151.44999999999567,-23.350000000000048,151.4499969482422,-23.350000381469727,2,28.16938018798828
0,113516836.89516196,31.19369356097924,6,1,151.5499999999957,-23.350000000000048,151.5500030517578,-23.350000381469727,2,28.16938018798828
0,113516836.89516196,31.19369356097924,6,1,151.64999999999566,-23.350000000000048,151.64999389648437,-23.350000381469727,2,28.16938018798828
0,113516836.89516196,30.418200177417372,6,1,151.74999999999568,-23.350000000000048,151.75,-23.350000381469727,2,28.16938018798828
0,113516836.89516196,31,6,1,151.84999999999565,-23.350000000000048,151.85000610351562,-23.350000381469727,2,28.16938018798828
0,113516836.89516196,36.19369356097924,7,1,151.94999999999567,-23.350000000000048,151.9499969482422,-23.350000381469727,2,34.2180061340332
0,113516836.89516196,51,9,1,152.04999999999563,-23.350000000000048,152.0500030517578,-23.350000381469727,2,48.45497512817383
0,113516836.89516196,130,17,1,152.14999999999566,-23.350000000000048,152.14999389648437,-23.350000381469727,2,125
0,113602194.78173083,15.007694787128038,3,1,151.1499999999957,-23.250000000000046,151.14999389648437,-23.25,2,12.5
0,113602194.78173083,25.418200177417372,5,1,151.24999999999568,-23.250000000000046,151.25,-23.25,2,22.667020797729492
0,113602194.78173083,30.418200177417372,6,1,151.3499999999957,-23.250000000000046,151.35000610351562,-23.25,2,28.16938018798828
0,113602194.78173083,31.19369356097924,6,1,151.44999999999567,-23.250000000000046,151.4499969482422,-23.25,2,28.16938018798828
0,113602194.78173083,36.19369356097924,7,1,151.5499999999957,-23.250000000000046,151.5500030517578,-23.25,2,34.2180061340332
0,113602194.78173083,37,7,1,151.64999999999566,-23.250000000000046,151.64999389648437,-23.25,2,34.2180061340332
0,113602194.78173083,31,6,1,151.74999999999568,-23.250000000000046,151.75,-23.25,2,28.16938018798828
0,113602194.78173083,31.19369356097924,6,1,151.84999999999565,-23.250000000000046,151.85000610351562,-23.25,2,28.16938018798828
0,113602194.78173083,37.586492157413076,7,1,151.94999999999567,-23.250000000000046,151.9499969482422,-23.25,2,34.2180061340332
0,113602194.78173083,61.19369356097924,10,1,152.04999999999563,-23.250000000000046,152.0500030517578,-23.25,2,56.7180061340332
0,113602194.78173083,135,18,1,152.14999999999566,-23.250000000000046,152.14999389648437,-23.25,2,125
0,113687206.61630191,15.007694787128038,3,1,151.1499999999957,-23.150000000000045,151.14999389648437,-23.149999618530273,2,12.5
0,113687206.61630191,25.418200177417372,5,1,151.24999999999568,-23.150000000000045,151.25,-23.149999618530273,2,22.667020797729492
0,113687206.61630191,31,6,1,151.3499999999957,-23.150000000000045,151.35000610351562,-23.149999618530273,2,28.16938018798828
0,113687206.61630191,31.19369356097924,6,1,151.44999999999567,-23.150000000000045,151.4499969482422,-23.149999618530273,2,28.16938018798828
0,113687206.61630191,37,7,1,151.5499999999957,-23.150000000000045,151.5500030517578,-23.149999618530273,2,34.2180061340332
0,113687206.61630191,37,7,1,151.64999999999566,-23.150000000000045,151.64999389648437,-23.149999618530273,2,34.2180061340332
0,113687206.61630191,31.19369356097924,6,1,151.74999999999568,-23.150000000000045,151.75,-23.149999618530273,2,28.16938018798828
0,113687206.61630191,43,8,1,151.84999999999565,-23.150000000000045,151.85000610351562,-23.149999618530273,2,40.95497512817383
0,113687206.61630191,52.586492157413076,9,1,151.94999999999567,-23.150000000000045,151.9499969482422,-23.149999618530273,2,48.45497512817383
0,113687206.61630191,98,14,1,152.04999999999563,-23.150000000000045,152.0500030517578,-23.149999618530273,2,95
0,113687206.61630191,135,18,1,152.14999999999566,-23.150000000000045,152.14999389648437,-23.149999618530273,2,125
0,113687206.61630191,150,19,1,152.24999999999562,-23.150000000000045,152.25,-23.149999618530273,2,145
0,113771872.13993594,25.091205283766385,5,1,151.1499999999957,-23.050000000000043,151.14999389648437,-23.049999237060547,2,22.667020797729492
0,113771872.13993594,31.19369356097924,6,1,151.24999999999568,-23.050000000000043,151.25,-23.049999237060547,2,28.16938018798828
0,113771872.13993594,37.586492157413076,7,1,151.3499999999957,-23.050000000000043,151.35000610351562,-23.049999237060547,2,34.2180061340332
0,113771872.13993594,37.586492157413076,7,1,151.44999999999567,-23.050000000000043,151.4499969482422,-23.049999237060547,2,34.2180061340332
0,113771872.13993594,37.586492157413076,7,1,151.5499999999957,-23.050000000000043,151.5500030517578,-23.049999237060547,2,34.2180061340332
0,113771872.13993594,36.19369356097924,7,1,151.64999999999566,-23.050000000000043,151.64999389648437,-23.049999237060547,2,34.2180061340332
0,113771872.13993594,31.19369356097924,6,1,151.74999999999568,-23.050000000000043,151.75,-23.049999237060547,2,28.16938018798828
0,113771872.13993594,43,8,1,151.84999999999565,-23.050000000000043,151.85000610351562,-23.049999237060547,2,40.95497512817383
0,113771872.13993594,70.41820017741736,11,1,151.94999999999567,-23.050000000000043,151.9499969482422,-23.049999237060547,2,65.66938018798828
0,113771872.13993594,110,15,1,152.04999999999563,-23.050000000000043,152.0500030517578,-23.049999237060547,2,105
0,113771872.13993594,130,17,1,152.14999999999566,-23.050000000000043,152.14999389648437,-23.049999237060547,2,125
0,113771872.13993594,130,17,1,152.24999999999562,-23.050000000000043,152.25,-23.049999237060547,2,125
0,113771872.13993594,146,19,1,152.34999999999565,-23.050000000000043,152.35000610351562,-23.049999237060547,2,145
0,113771872.13993594,196,24,1,152.4499999999956,-23.050000000000043,152.4499969482422,-23.049999237060547,2,195
